Iteración,xi,f(xi),Error
1,-2,-8,1.0005
2,0.000360668064204095,4.6916225675279e-11,2.0003606680642
3,2.97979219374231e-06,2.64580561779787e-17,0.000357688272010353
