Iteración,xi,f(xi),Error
1,-0.5,3.375,16936.2850417816
2,-2.95206698574524e-05,2.00008856200955,1.00004427663443
3,0.666732470480711,0.296186631933458,0.317399175173803
4,0.976753098196847,0.00160869227584892,0.0231586063769665
5,0.999909611297429,2.45096138939971e-08,9.19113512644414e-05
6,1.00000152278866,6.95643542769631e-12,7.99779189054593e-07
7,1.00000072300889,1.56852308919042e-12,NaN
