Iteration,xn,fxn,E
0,-3,1.53703703703704,1.000005
1,-2.36545688656633,0.0441150519768048,0.268253933114277
2,-2.34591268424345,7.63997908910241e-05,0.00833117210804585
3,-2.34587871886221,2.33812968986058e-10,1.44787456241734e-05
4,-2.34587871875827,0,4.43108846669731e-11
