Iteration,xn,fxn,dfxn,Error
0,0,0,46415.8883361278,1.00001
1,0,0,46415.8883361278,NaN
