Method,Iteration,Error,RE,Result,x1,x2
Jacobi,10,0.0625076303259678,0.516397779494322,Fracasa,-0.269662551440329,0.914607407407408
Gauss-Seidel,10,0.000187508807089464,0.266666666666667,Triunfa,-0.272745869910075,0.90909834796403
SOR-w1,10,0.0392899448245948,0.718925478761001,Fracasa,-0.373714476342148,0.975561293906595
SOR-w2,10,0.0267401325000001,0.5,Fracasa,-0.2798894575,0.9147016145
SOR-w3,10,12.4581592346858,1,Fracasa,-8.05722119621602,4.80356458866311
