Method,Iteration,Error,RE,Result,x1,x2
Jacobi,60,0.000496149965080928,0.866025403784439,1,3.99928567163932,2.99946425372949
Gauss-Seidel,23,0.000446549096870992,0.75,1,4.00401356511021,2.99598643488979
SOR-w1,23,0.00041666034518606,0.693071473679459,1,4.00094085552399,2.99909555675523
SOR-w2,19,0.000416489635290063,0.61495454169735,1,4.00066517390939,2.99939768166836
SOR-w3,15,0.000298694892116202,0.48,1,4.00027571913359,2.99977942461596
