Iteration,xn,E
1,[0.333333333333333;2],1
2,[1;2],0.666666666666667
3,[1;2],0
