Iteration,xn,fxn,dfxn,Error
0,1,0.341470984807897,-0.459697786503455,1.000001
1,1.74281624761604,-0.533463214916461,-1.91398915272423,0.426216044653085
2,1.46409825480131,-0.0774786909239115,-1.35760261921192,0.190368366262791
3,1.40702802686607,-0.00324401753052572,-1.24399089140859,0.0405608323683226
4,1.40442027663821,-6.75464274069171e-06,-1.23881084057587,0.00185681613348794
5,1.40441482411671,-3.00707236888798e-11,-1.23880001035026,3.88241522709303e-06
6,1.40441482409243,0,-1.23880001035026,1.72841655033767e-11
