Iteration,xn,E
1,[1.66666666666667;1.08333333333333],1
2,[1.30555555555556;1.17361111111111],0.276595744680851
3,[1.27546296296296;1.18113425925926],0.0235934664246824
4,[1.27295524691358;1.18176118827161],0.00196999545385664
5,[1.27274627057613;1.18181343235597],0.000164193242816618
6,[1.27272885588134;1.18181778602966],1.36829574554376e-05
7,[1.27272740465678;1.18181814883581],1.1402477547978e-06
