Method,Iteration,Error,RE,Result,x1,x2,x3,x4
Jacobi,4,0,0,Triunfa,1,2,5,7
Gauss-Seidel,4,0,0,Triunfa,1,2,5,7
SOR-w1,19,0.000310516357421853,0.5,Triunfa,0.999599456787109,2.0002498626709,4.99999046325684,6.99998664855957
SOR-w2,25,0.000330466032028021,0.5,Triunfa,1.00011625885963,2.0000157058239,5.00000014901161,7.00000020861626
SOR-w3,1000,3.9968468842306e+182,1.5,Fracasa,-2.40002683492259e+182,-1.43972746450992e+180,-6.16920298453087e+176,-8.63688417834322e+176
