Iteration,xn,fxn,E
0,1,-2,1.000001
0,2,4,1.000001
1,1.33333333333333,-0.962962962962963,0.666666666666667
2,1.46268656716418,-0.333338874795104,0.129353233830846
3,1.5311694321412,0.0586264177094502,0.0684828649770255
4,1.52092642051528,-0.00269330020199434,0.0102430116259242
5,1.52137631666974,-2.01501923870355e-05,0.000449896154463225
6,1.52137970798487,7.01547801266433e-09,3.39131512783197e-06
7,1.52137970680456,-1.8429781545085e-14,1.18030718532225e-09
