Iteration,xn,fxn,Error
0,-3,1.53703703703704,1.000005
1,-2,-0.75,1.000005
2,-2.32793522267206,-0.0402948543281054,0.327935222672065
3,-2.3465543662801,0.00151984648297621,0.0186191436080341
4,-2.34587761290438,-2.4874291515431e-06,0.000676753375721706
5,-2.34587871869074,-1.51896273337115e-10,1.10578635981184e-06
