Iteration,xn,fxn,E
0,0.7,0.543752707470477,1.000001
1,0.948715074082467,-0.117791527780404,0.262159926491109
2,0.910838782233832,-0.00247464850074408,0.0415839691803017
3,0.910007980114702,-1.21297462740699e-06,0.00091296135559646
4,0.910007572488831,-3.62376795237651e-13,4.47936790664828e-07
