Iteration,xn,fxn,E
0,-1,-3,1.0005
1,1,-3,2
2,1.73205080756888,-1,0.732050807568877
3,1.93185165257814,-0.267949192431122,0.199800845009259
4,1.98288972274762,-0.0681483474218636,0.0510380701694841
5,1.99571784647721,-0.0171102772523795,0.0128281237295862
6,1.99892917495273,-0.0042821535227926,0.00321132847552441
7,1.99973227581912,-0.00107082504726863,0.000803100866392237
8,1.9999330678348,-0.000267724180876616,0.000200792015678575
