Iteration,xn,fxn,dfxn,Error
0,1,1,1.00000000058387,1.0005
1,5.8386717682879e-10,5.8386717682879e-10,1,1712718301.52797
2,0,0,1,Inf
3,0,0,1,NaN
