Iteration,xn,fxn,E
0,6,34,1.0005
1,3.16666666666667,8.02777777777778,2.83333333333333
2,1.89912280701754,1.6066674361342,1.26754385964912
3,1.47612029496374,0.178931125203831,0.423002512053807
4,1.41551170980496,0.00367340059494881,0.0606085851587816
5,1.41421415763018,1.68364164609969e-06,0.00129755217477334
6,1.41421356237322,3.5438318946035e-13,5.95256961943846e-07
