Iteration,xn,fxn,dfxn,Error
0,0,2,0.999999700823651,1.0005
1,-2.00000059835288,-13.0907111991185,14.4161506376861,1
2,-1.09194188503052,-2.87337167531518,8.09088819941906,0.831599855057283
3,-0.736805142995018,-0.430330569290774,5.68021148339426,0.481995471138974
4,-0.661045539580811,-0.0190922105064018,5.1769221398601,0.114605725139978
5,-0.657357593347391,-4.49701001628e-05,5.15253565147589,0.00561025881611795
6,-0.657348865586304,-2.48887577214418e-10,5.1524779531853,1.32772132801372e-05
