Method,Iteration,Error,RE,Result,x1,x2
Jacobi,3,0,0,Triunfa,-1,1
Gauss-Seidel,3,0,0,Triunfa,-1,1
SOR-w1,16,0.0004425048828125,0.5,Triunfa,-0.999496459960938,0.999984741210938
SOR-w2,20,0.000329017639160156,0.5,Triunfa,-1.00011348724365,0.999999046325684
SOR-w3,100,2.24286249606927e+20,1.5,Fracasa,-1.35113831334203e+20,-4.06561177535215e+17
