Method,Iteration,Error,RE,Result,x1,x2
Jacobi,55,0.000423186270445664,0.866025403784439,Triunfa,4.00031747927141,3.00084661139044
Gauss-Seidel,19,0.000470472272710884,0.75,Triunfa,4.00422828258525,2.99577171741475
SOR-w1,36,0.000495935140724768,0.913967211436237,Triunfa,3.99522738038168,3.00526855475904
SOR-w2,14,0.00042454495475841,0.5,Triunfa,3.99951585940965,3.00034262560543
SOR-w3,100,1.9399429339884e+18,1.5,Fracasa,9.20430924423937e+17,2.43534835969104e+17
